created_at,event_type,repo,actor,payload
2026-02-04T19:40:28Z,IssueCommentEvent,anthropics/claude-code,github-actions[bot],"{""action"": ""created"", ""number"": 23171}"
2026-02-04T19:40:04Z,IssueCommentEvent,anthropics/claude-code,in-op,"{""action"": ""created"", ""number"": 17764}"
2026-02-04T19:39:33Z,IssuesEvent,anthropics/claude-code,github-actions[bot],"{""action"": ""labeled"", ""number"": 23173}"
2026-02-04T19:39:19Z,IssuesEvent,anthropics/claude-code,github-actions[bot],"{""action"": ""labeled"", ""number"": 23172}"
2026-02-04T19:39:19Z,IssuesEvent,anthropics/claude-code,github-actions[bot],"{""action"": ""labeled"", ""number"": 23172}"
2026-02-04T19:39:19Z,IssuesEvent,anthropics/claude-code,github-actions[bot],"{""action"": ""labeled"", ""number"": 23172}"
2026-02-04T19:39:14Z,WatchEvent,anthropics/claude-code,chengnieisu,"{""action"": ""started""}"
2026-02-04T19:39:09Z,IssueCommentEvent,anthropics/claude-code,github-actions[bot],"{""action"": ""created"", ""number"": 23170}"
2026-02-04T19:38:50Z,IssuesEvent,anthropics/claude-code,in-op,"{""action"": ""closed"", ""number"": 23154}"
2026-02-04T19:38:48Z,IssueCommentEvent,anthropics/claude-code,in-op,"{""action"": ""created"", ""number"": 23154}"
2026-02-04T19:38:36Z,IssuesEvent,anthropics/claude-code,Convl,"{""action"": ""labeled"", ""number"": 23173}"
2026-02-04T19:38:35Z,IssuesEvent,anthropics/claude-code,Convl,"{""action"": ""opened"", ""number"": 23173}"
2026-02-04T19:38:19Z,IssuesEvent,anthropics/claude-code,GMargossian,"{""action"": ""labeled"", ""number"": 23172}"
2026-02-04T19:38:18Z,IssuesEvent,anthropics/claude-code,GMargossian,"{""action"": ""opened"", ""number"": 23172}"
2026-02-04T19:37:19Z,IssueCommentEvent,anthropics/claude-code,github-actions[bot],"{""action"": ""created"", ""number"": 23169}"
2026-02-04T19:36:42Z,IssuesEvent,anthropics/claude-code,github-actions[bot],"{""action"": ""labeled"", ""number"": 23171}"
2026-02-04T19:36:42Z,IssuesEvent,anthropics/claude-code,github-actions[bot],"{""action"": ""labeled"", ""number"": 23171}"
2026-02-04T19:36:42Z,IssuesEvent,anthropics/claude-code,github-actions[bot],"{""action"": ""labeled"", ""number"": 23171}"
2026-02-04T19:36:42Z,IssuesEvent,anthropics/claude-code,github-actions[bot],"{""action"": ""labeled"", ""number"": 23171}"
2026-02-04T19:36:42Z,IssuesEvent,anthropics/claude-code,github-actions[bot],"{""action"": ""labeled"", ""number"": 23171}"
2026-02-04T19:37:45Z,PullRequestEvent,facebook/react,rickhanlonii,"{""action"": ""merged"", ""number"": 35555, ""head_id"": 116611810, ""base_id"": 10270250, ""head"": ""rh/uvt-gsbu"", ""base"": ""main""}"
2026-02-04T19:37:47Z,PushEvent,facebook/react,rickhanlonii,"{""ref"": ""refs/heads/main"", ""head"": ""087a34696f1eb484157b19aee1648bcbce51de64"", ""before"": ""6913ea4d28229d066603bff9fc1170334e151a4a""}"
2026-02-04T19:40:57Z,WatchEvent,ghostty-org/ghostty,JanUwU42,"{""action"": ""started""}"
2026-02-04T19:40:10Z,PullRequestReviewEvent,godotengine/godot,aaronfranke,"{""action"": ""created""}"
2026-02-04T19:40:07Z,PullRequestReviewCommentEvent,godotengine/godot,aaronfranke,"{""action"": ""created""}"
2026-02-04T19:39:16Z,PullRequestEvent,godotengine/godot,kitbdev,"{""action"": ""labeled"", ""number"": 115876, ""head_id"": null, ""base_id"": null, ""head"": ""fix-te-search-backwards"", ""base"": ""master""}"
2026-02-04T19:39:16Z,PullRequestEvent,godotengine/godot,kitbdev,"{""action"": ""labeled"", ""number"": 115876, ""head_id"": null, ""base_id"": null, ""head"": ""fix-te-search-backwards"", ""base"": ""master""}"
2026-02-04T19:39:16Z,PullRequestEvent,godotengine/godot,kitbdev,"{""action"": ""labeled"", ""number"": 115876, ""head_id"": null, ""base_id"": null, ""head"": ""fix-te-search-backwards"", ""base"": ""master""}"
2026-02-04T19:39:16Z,PullRequestEvent,godotengine/godot,kitbdev,"{""action"": ""labeled"", ""number"": 115876, ""head_id"": null, ""base_id"": null, ""head"": ""fix-te-search-backwards"", ""base"": ""master""}"
2026-02-04T19:39:15Z,PullRequestEvent,godotengine/godot,kitbdev,"{""action"": ""opened"", ""number"": 115876, ""head_id"": null, ""base_id"": null, ""head"": ""fix-te-search-backwards"", ""base"": ""master""}"
2025-11-06T19:13:59Z,PullRequestEvent,kubernetes/kubernetes,k8s-ci-robot,"{""action"": ""labeled"", ""number"": 135194, ""head_id"": null, ""base_id"": null, ""head"": ""issue-templates/tests/expand-testgrid-info"", ""base"": ""master""}"
2026-02-04T19:40:38Z,IssueCommentEvent,kubernetes/kubernetes,k8s-triage-robot,"{""action"": ""created"", ""number"": 135194}"
2026-02-04T19:40:59Z,PullRequestEvent,llvm/llvm-project,llvmbot,"{""action"": ""labeled"", ""number"": 179762, ""head_id"": null, ""base_id"": null, ""head"": ""pr/deprecate-zcf-zcd"", ""base"": ""main""}"
2026-02-04T19:40:59Z,PullRequestEvent,llvm/llvm-project,topperc,"{""action"": ""opened"", ""number"": 179762, ""head_id"": null, ""base_id"": null, ""head"": ""pr/deprecate-zcf-zcd"", ""base"": ""main""}"
2026-02-04T19:40:47Z,PullRequestReviewCommentEvent,llvm/llvm-project,Hardcode84,"{""action"": ""created""}"
2026-02-04T19:40:41Z,IssueCommentEvent,llvm/llvm-project,DanielCChen,"{""action"": ""created"", ""number"": 153067}"
2026-02-04T19:40:12Z,PullRequestEvent,llvm/llvm-project,androm3da,"{""action"": ""merged"", ""number"": 179239, ""head_id"": 697050871, ""base_id"": 75821432, ""head"": ""bcain/fix_uap_bst"", ""base"": ""main""}"
2026-02-04T19:40:14Z,PushEvent,llvm/llvm-project,androm3da,"{""ref"": ""refs/heads/main"", ""head"": ""65c46fee1df4026273b8033a0486e66a2f5e6b35"", ""before"": ""3fcba45de123f2c3a09faf50b51f507437fe6b21""}"
2026-02-04T19:40:04Z,IssueCommentEvent,llvm/llvm-project,github-actions[bot],"{""action"": ""created"", ""number"": 179761}"
2026-02-04T19:39:56Z,PullRequestReviewCommentEvent,llvm/llvm-project,Hardcode84,"{""action"": ""created""}"
2026-02-04T19:39:54Z,IssueCommentEvent,llvm/llvm-project,github-actions[bot],"{""action"": ""created"", ""number"": 179759}"
2026-02-04T19:39:52Z,PullRequestReviewEvent,llvm/llvm-project,arsenm,"{""action"": ""created""}"
2026-02-04T19:39:50Z,PullRequestReviewEvent,llvm/llvm-project,arsenm,"{""action"": ""updated""}"
2026-02-04T19:39:47Z,IssueCommentEvent,llvm/llvm-project,github-actions[bot],"{""action"": ""created"", ""number"": 179747}"
2026-02-04T19:39:45Z,IssueCommentEvent,llvm/llvm-project,github-actions[bot],"{""action"": ""created"", ""number"": 179752}"
2026-02-04T19:39:35Z,IssueCommentEvent,llvm/llvm-project,github-actions[bot],"{""action"": ""created"", ""number"": 179749}"
2026-02-04T19:39:27Z,PullRequestReviewCommentEvent,llvm/llvm-project,arsenm,"{""action"": ""created""}"
2026-02-04T19:39:25Z,IssueCommentEvent,llvm/llvm-project,github-actions[bot],"{""action"": ""created"", ""number"": 179742}"
2026-02-04T19:39:00Z,PullRequestReviewCommentEvent,llvm/llvm-project,arsenm,"{""action"": ""created""}"
2026-02-04T19:38:28Z,IssueCommentEvent,llvm/llvm-project,snehasish,"{""action"": ""created"", ""number"": 179757}"
2026-02-04T19:38:19Z,IssueCommentEvent,llvm/llvm-project,snehasish,"{""action"": ""created"", ""number"": 179754}"
2026-02-04T19:38:17Z,CreateEvent,llvm/llvm-project,snehasish,"{""action"": null}"
2026-02-04T19:38:15Z,CreateEvent,llvm/llvm-project,snehasish,"{""action"": null}"
2026-02-04T19:38:14Z,IssueCommentEvent,llvm/llvm-project,snehasish,"{""action"": ""created"", ""number"": 179753}"
2026-02-04T19:38:13Z,CreateEvent,llvm/llvm-project,snehasish,"{""action"": null}"
2026-02-04T19:38:13Z,PullRequestEvent,llvm/llvm-project,snehasish,"{""action"": ""opened"", ""number"": 179761, ""head_id"": null, ""base_id"": null, ""head"": ""users/snehasish/fix-nested-select-prof"", ""base"": ""users/snehasish/fix-minmax-fold-prof""}"
2026-02-04T19:38:12Z,CreateEvent,llvm/llvm-project,snehasish,"{""action"": null}"
2026-02-04T19:38:11Z,PullRequestEvent,llvm/llvm-project,snehasish,"{""action"": ""opened"", ""number"": 179760, ""head_id"": null, ""base_id"": null, ""head"": ""users/snehasish/fix-minmax-fold-prof"", ""base"": ""users/snehasish/fix-libcalls-select-prof""}"
2026-02-04T19:38:10Z,CreateEvent,llvm/llvm-project,snehasish,"{""action"": null}"
2026-02-04T19:38:09Z,IssueCommentEvent,llvm/llvm-project,snehasish,"{""action"": ""created"", ""number"": 179752}"
2026-02-04T19:38:09Z,IssueCommentEvent,llvm/llvm-project,snehasish,"{""action"": ""created"", ""number"": 179751}"
2026-02-04T19:38:09Z,PullRequestEvent,llvm/llvm-project,snehasish,"{""action"": ""opened"", ""number"": 179759, ""head_id"": null, ""base_id"": null, ""head"": ""users/snehasish/fix-libcalls-select-prof"", ""base"": ""users/snehasish/fix-memchr-prof""}"
2026-02-04T19:38:08Z,CreateEvent,llvm/llvm-project,snehasish,"{""action"": null}"
2026-02-04T19:38:08Z,IssueCommentEvent,llvm/llvm-project,snehasish,"{""action"": ""created"", ""number"": 179750}"
2026-02-04T19:38:07Z,IssueCommentEvent,llvm/llvm-project,snehasish,"{""action"": ""created"", ""number"": 179749}"
2026-02-04T19:41:03Z,PushEvent,microsoft/vscode,rzhao271,"{""ref"": ""refs/heads/convincing-carp"", ""head"": ""66d4d91367d955283a0da6b5699c7e06f393d928"", ""before"": ""9ba1a35fbf11741e7ead078ea070e82168aa6c2e""}"
2026-02-04T19:39:46Z,IssuesEvent,microsoft/vscode,cwebster-99,"{""action"": ""opened"", ""number"": 292909}"
2026-02-04T19:39:46Z,IssuesEvent,microsoft/vscode,cwebster-99,"{""action"": ""assigned"", ""number"": 292909}"
2026-02-04T19:39:19Z,PullRequestReviewEvent,microsoft/vscode,roblourens,"{""action"": ""created""}"
2026-02-04T19:37:36Z,IssuesEvent,microsoft/vscode,vs-code-engineering[bot],"{""action"": ""labeled"", ""number"": 291237}"
2026-02-04T19:37:06Z,DeleteEvent,microsoft/vscode,meganrogge,"{""action"": null}"
2026-02-04T19:37:05Z,IssuesEvent,microsoft/vscode,meganrogge,"{""action"": ""closed"", ""number"": 291237}"
2026-02-04T19:37:02Z,PullRequestEvent,microsoft/vscode,Copilot,"{""action"": ""merged"", ""number"": 292695, ""head_id"": 41881900, ""base_id"": 41881900, ""head"": ""copilot/fix-cancel-command-shell-integration"", ""base"": ""main""}"
2026-02-04T19:37:04Z,PushEvent,microsoft/vscode,meganrogge,"{""ref"": ""refs/heads/main"", ""head"": ""e4e3c1f548e47bf19fdd5cf666dcad78fba105d9"", ""before"": ""44b47a80fc55fb21972fcd3ee627ed40a5953001""}"
2026-02-04T19:36:35Z,PullRequestReviewEvent,microsoft/vscode,karthiknadig,"{""action"": ""created""}"
2026-02-04T19:36:33Z,IssuesEvent,microsoft/vscode,vs-code-engineering[bot],"{""action"": ""labeled"", ""number"": 281597}"
2026-02-04T19:41:15Z,WatchEvent,openclaw/openclaw,alejandro-poladura,"{""action"": ""started""}"
2026-02-04T19:41:08Z,IssueCommentEvent,openclaw/openclaw,joshp123,"{""action"": ""created"", ""number"": 8975}"
2026-02-04T19:41:03Z,IssuesEvent,openclaw/openclaw,dirk-elsinghorst,"{""action"": ""opened"", ""number"": 9030}"
2026-02-04T19:40:52Z,WatchEvent,openclaw/openclaw,omersanlier,"{""action"": ""started""}"
2026-02-04T19:40:46Z,WatchEvent,openclaw/openclaw,MostlyMosley,"{""action"": ""started""}"
2026-02-04T19:40:24Z,ForkEvent,openclaw/openclaw,santoshachari,"{""action"": ""forked""}"
2026-02-04T19:39:41Z,ForkEvent,openclaw/openclaw,eddigit,"{""action"": ""forked""}"
2026-02-04T19:39:37Z,IssueCommentEvent,openclaw/openclaw,kelvinCB,"{""action"": ""created"", ""number"": 8905}"
2026-02-04T19:39:31Z,ForkEvent,openclaw/openclaw,chrisjames432,"{""action"": ""forked""}"
2026-02-04T19:39:27Z,IssueCommentEvent,openclaw/openclaw,Arlandw,"{""action"": ""created"", ""number"": 4327}"
2026-02-04T19:39:23Z,WatchEvent,openclaw/openclaw,leeinn,"{""action"": ""started""}"
2026-02-04T19:39:10Z,WatchEvent,openclaw/openclaw,guilhermemarch,"{""action"": ""started""}"
2026-02-04T19:39:04Z,ForkEvent,openclaw/openclaw,Xiaosheng-Zhao,"{""action"": ""forked""}"
2026-02-04T19:38:46Z,WatchEvent,openclaw/openclaw,splitpierre,"{""action"": ""started""}"
2026-02-04T19:38:39Z,WatchEvent,openclaw/openclaw,narthparang,"{""action"": ""started""}"
2026-02-04T19:38:29Z,WatchEvent,openclaw/openclaw,DiamondDeals,"{""action"": ""started""}"
2026-02-04T19:38:22Z,ForkEvent,openclaw/openclaw,ajitmandal,"{""action"": ""forked""}"
2026-02-04T19:38:20Z,WatchEvent,openclaw/openclaw,7sg56,"{""action"": ""started""}"
2026-02-04T19:38:19Z,IssueCommentEvent,openclaw/openclaw,beastmode2709,"{""action"": ""created"", ""number"": 8622}"
2026-02-04T19:37:59Z,WatchEvent,openclaw/openclaw,songhahaha66,"{""action"": ""started""}"
2026-02-04T19:37:58Z,ForkEvent,openclaw/openclaw,lucas-cirilo,"{""action"": ""forked""}"
2026-02-04T19:37:51Z,IssuesEvent,openclaw/openclaw,nickf1227,"{""action"": ""labeled"", ""number"": 9029}"
2026-02-04T19:37:50Z,IssuesEvent,openclaw/openclaw,nickf1227,"{""action"": ""opened"", ""number"": 9029}"
2026-02-04T19:37:39Z,WatchEvent,openclaw/openclaw,aijazbinqasim,"{""action"": ""started""}"
2026-02-04T19:37:11Z,WatchEvent,openclaw/openclaw,kiwy-monzy,"{""action"": ""started""}"
2026-02-04T19:36:57Z,WatchEvent,openclaw/openclaw,sporqist,"{""action"": ""started""}"
2026-02-04T19:36:51Z,ForkEvent,openclaw/openclaw,vishwakarma-bot,"{""action"": ""forked""}"
2026-02-04T19:36:44Z,WatchEvent,openclaw/openclaw,simonkern,"{""action"": ""started""}"
2026-02-04T19:36:41Z,ForkEvent,openclaw/openclaw,v-jacai,"{""action"": ""forked""}"
2026-02-04T19:36:27Z,PullRequestReviewEvent,openclaw/openclaw,greptile-apps[bot],"{""action"": ""created""}"
2026-02-04T19:36:24Z,PullRequestReviewCommentEvent,openclaw/openclaw,greptile-apps[bot],"{""action"": ""created""}"
2026-02-04T19:36:23Z,PullRequestReviewCommentEvent,openclaw/openclaw,greptile-apps[bot],"{""action"": ""created""}"
2026-02-04T19:36:22Z,PullRequestReviewCommentEvent,openclaw/openclaw,greptile-apps[bot],"{""action"": ""created""}"
2026-02-04T19:36:21Z,PullRequestReviewCommentEvent,openclaw/openclaw,greptile-apps[bot],"{""action"": ""created""}"
2026-02-04T19:36:15Z,WatchEvent,openclaw/openclaw,mikz0rz,"{""action"": ""started""}"
2026-02-04T19:39:15Z,PullRequestEvent,tensorflow/tensorflow,copybara-service[bot],"{""action"": ""opened"", ""number"": 109635, ""head_id"": null, ""base_id"": null, ""head"": ""exported_pr_865500697"", ""base"": ""master""}"
2026-02-04T19:39:14Z,CreateEvent,tensorflow/tensorflow,copybara-service[bot],"{""action"": null}"
2026-02-04T19:42:27Z,IssueCommentEvent,anthropics/claude-code,github-actions[bot],"{""action"": ""created"", ""number"": 23173}"
2026-02-04T19:42:26Z,IssuesEvent,anthropics/claude-code,segevfiner,"{""action"": ""closed"", ""number"": 23088}"
2026-02-04T19:41:28Z,IssueCommentEvent,anthropics/claude-code,github-actions[bot],"{""action"": ""created"", ""number"": 23172}"
2026-02-04T19:44:05Z,PushEvent,facebook/react,github-actions[bot],"{""ref"": ""refs/heads/builds/facebook-www"", ""head"": ""f44a4f7ecbdcbc6da8e82be7a3c0ffe66a62e433"", ""before"": ""7f4381f4618a690379d35dbe62e9d456443f914d""}"
2026-02-04T19:13:53Z,PullRequestEvent,godotengine/godot,AThousandShips,"{""action"": ""labeled"", ""number"": 113454, ""head_id"": null, ""base_id"": null, ""head"": ""Vcock"", ""base"": ""master""}"
2026-02-04T19:45:36Z,IssueCommentEvent,kubernetes/kubernetes,k8s-ci-robot,"{""action"": ""created"", ""number"": 136747}"
2026-02-04T19:42:35Z,IssueCommentEvent,kubernetes/kubernetes,BenTheElder,"{""action"": ""created"", ""number"": 136756}"
2026-02-04T19:41:55Z,IssueCommentEvent,kubernetes/kubernetes,mengqiy,"{""action"": ""created"", ""number"": 135737}"
2026-02-04T19:41:32Z,PullRequestReviewEvent,kubernetes/kubernetes,BenTheElder,"{""action"": ""created""}"
2026-02-04T19:41:30Z,PullRequestReviewCommentEvent,kubernetes/kubernetes,BenTheElder,"{""action"": ""created""}"
2026-02-04T19:46:12Z,PullRequestReviewEvent,llvm/llvm-project,erichkeane,"{""action"": ""created""}"
2026-02-04T19:46:05Z,PullRequestReviewEvent,llvm/llvm-project,Icohedron,"{""action"": ""created""}"
2026-02-04T19:46:03Z,PullRequestReviewCommentEvent,llvm/llvm-project,Icohedron,"{""action"": ""created""}"
2026-02-04T19:45:58Z,PullRequestReviewEvent,llvm/llvm-project,bababuck,"{""action"": ""created""}"
2026-02-04T19:45:57Z,PullRequestReviewCommentEvent,llvm/llvm-project,bababuck,"{""action"": ""created""}"
2026-02-04T19:45:57Z,PullRequestReviewEvent,llvm/llvm-project,jhuber6,"{""action"": ""created""}"
2026-02-04T19:45:50Z,PullRequestReviewCommentEvent,llvm/llvm-project,jhuber6,"{""action"": ""created""}"
2026-02-04T19:45:46Z,PullRequestReviewEvent,llvm/llvm-project,perry-ca,"{""action"": ""created""}"
2026-02-04T19:45:41Z,PullRequestReviewCommentEvent,llvm/llvm-project,efriedma-quic,"{""action"": ""created""}"
2026-02-04T19:45:15Z,IssueCommentEvent,llvm/llvm-project,github-actions[bot],"{""action"": ""created"", ""number"": 179765}"
2026-02-04T19:45:13Z,PullRequestReviewEvent,llvm/llvm-project,aviralg,"{""action"": ""created""}"
2026-02-04T19:45:13Z,PullRequestReviewEvent,llvm/llvm-project,aviralg,"{""action"": ""updated""}"
2026-02-04T19:44:59Z,PullRequestReviewCommentEvent,llvm/llvm-project,jhuber6,"{""action"": ""created""}"
2026-02-04T19:44:45Z,PullRequestReviewEvent,llvm/llvm-project,cyndyishida,"{""action"": ""created""}"
2026-02-04T19:44:26Z,PullRequestReviewCommentEvent,llvm/llvm-project,efriedma-quic,"{""action"": ""created""}"
2026-02-04T19:44:08Z,PullRequestReviewCommentEvent,llvm/llvm-project,andykaylor,"{""action"": ""created""}"
2026-02-04T19:44:08Z,PullRequestReviewEvent,llvm/llvm-project,Icohedron,"{""action"": ""created""}"
2026-02-04T19:44:05Z,PullRequestReviewCommentEvent,llvm/llvm-project,Icohedron,"{""action"": ""created""}"
2026-02-04T19:44:04Z,PullRequestReviewEvent,llvm/llvm-project,Hardcode84,"{""action"": ""created""}"
2026-02-04T19:43:40Z,PullRequestReviewCommentEvent,llvm/llvm-project,efriedma-quic,"{""action"": ""created""}"
2026-02-04T19:43:38Z,IssueCommentEvent,llvm/llvm-project,snehasish,"{""action"": ""created"", ""number"": 179767}"
2026-02-04T19:43:37Z,IssueCommentEvent,llvm/llvm-project,snehasish,"{""action"": ""created"", ""number"": 179766}"
2026-02-04T19:43:36Z,IssueCommentEvent,llvm/llvm-project,snehasish,"{""action"": ""created"", ""number"": 179765}"
2026-02-04T19:43:35Z,IssueCommentEvent,llvm/llvm-project,snehasish,"{""action"": ""created"", ""number"": 179764}"
2026-02-04T19:43:34Z,IssueCommentEvent,llvm/llvm-project,snehasish,"{""action"": ""created"", ""number"": 179763}"
2026-02-04T19:43:33Z,IssueCommentEvent,llvm/llvm-project,snehasish,"{""action"": ""created"", ""number"": 179761}"
2026-02-04T19:43:33Z,IssueCommentEvent,llvm/llvm-project,snehasish,"{""action"": ""created"", ""number"": 179760}"
2026-02-04T19:43:32Z,IssueCommentEvent,llvm/llvm-project,snehasish,"{""action"": ""created"", ""number"": 179759}"
2026-02-04T19:43:31Z,IssueCommentEvent,llvm/llvm-project,snehasish,"{""action"": ""created"", ""number"": 179758}"
2026-02-04T19:43:30Z,IssueCommentEvent,llvm/llvm-project,snehasish,"{""action"": ""created"", ""number"": 179755}"
2026-02-04T19:43:30Z,IssueCommentEvent,llvm/llvm-project,snehasish,"{""action"": ""created"", ""number"": 179756}"
2026-02-04T19:43:01Z,PullRequestEvent,llvm/llvm-project,snehasish,"{""action"": ""opened"", ""number"": 179767, ""head_id"": null, ""base_id"": null, ""head"": ""users/snehasish/02-03-_instcombine_profcheck_fix_missing_profdata_for_zext_transform"", ""base"": ""users/snehasish/fix-select-select-prof""}"
2026-02-04T19:42:59Z,PullRequestEvent,llvm/llvm-project,snehasish,"{""action"": ""opened"", ""number"": 179766, ""head_id"": null, ""base_id"": null, ""head"": ""users/snehasish/fix-select-select-prof"", ""base"": ""users/snehasish/fix-symmetric-select-prof""}"
2026-02-04T19:46:26Z,PushEvent,microsoft/vscode,DonJayamanne,"{""ref"": ""refs/heads/main"", ""head"": ""b5f1376218d2b4c011ca6bf35ce5b0d84a273c8d"", ""before"": ""e4e3c1f548e47bf19fdd5cf666dcad78fba105d9""}"
2026-02-04T19:46:25Z,PullRequestEvent,microsoft/vscode,DonJayamanne,"{""action"": ""merged"", ""number"": 292768, ""head_id"": 41881900, ""base_id"": 41881900, ""head"": ""don/aggregate-leech"", ""base"": ""main""}"
2026-02-04T19:46:17Z,IssuesEvent,microsoft/vscode,pierceboggan,"{""action"": ""assigned"", ""number"": 292914}"
2026-02-04T19:46:06Z,IssuesEvent,microsoft/vscode,pierceboggan,"{""action"": ""opened"", ""number"": 292914}"
2026-02-04T19:46:05Z,IssuesEvent,microsoft/vscode,vs-code-engineering[bot],"{""action"": ""assigned"", ""number"": 292913}"
2026-02-04T19:45:58Z,IssueCommentEvent,microsoft/vscode,meganrogge,"{""action"": ""created"", ""number"": 288433}"
2026-02-04T19:45:58Z,IssuesEvent,microsoft/vscode,meganrogge,"{""action"": ""closed"", ""number"": 288433}"
2026-02-04T19:45:54Z,PullRequestReviewEvent,microsoft/vscode,aeschli,"{""action"": ""created""}"
2026-02-04T19:45:27Z,IssuesEvent,microsoft/vscode,vs-code-engineering[bot],"{""action"": ""unlabeled"", ""number"": 291971}"
2026-02-04T19:45:06Z,IssuesEvent,microsoft/vscode,YogiSotho,"{""action"": ""opened"", ""number"": 292913}"
2026-02-04T19:45:00Z,IssuesEvent,microsoft/vscode,meganrogge,"{""action"": ""reopened"", ""number"": 291971}"
2026-02-04T19:44:41Z,PullRequestEvent,microsoft/vscode,pwang347,"{""action"": ""opened"", ""number"": 292912, ""head_id"": null, ""base_id"": null, ""head"": ""pawang/hooksDiagnostics"", ""base"": ""main""}"
2026-02-04T19:44:19Z,IssueCommentEvent,microsoft/vscode,simon-id,"{""action"": ""created"", ""number"": 26574}"
2026-02-04T19:43:19Z,PullRequestEvent,microsoft/vscode,meganrogge,"{""action"": ""assigned"", ""number"": 292911, ""head_id"": null, ""base_id"": null, ""head"": ""happy-meadowlark"", ""base"": ""main""}"
2026-02-04T19:43:19Z,PullRequestEvent,microsoft/vscode,meganrogge,"{""action"": ""opened"", ""number"": 292911, ""head_id"": null, ""base_id"": null, ""head"": ""happy-meadowlark"", ""base"": ""main""}"
2026-02-04T19:43:13Z,PullRequestReviewEvent,microsoft/vscode,aeschli,"{""action"": ""created""}"
2026-02-04T19:43:10Z,PullRequestReviewCommentEvent,microsoft/vscode,aeschli,"{""action"": ""created""}"
2026-02-04T19:42:43Z,IssueCommentEvent,microsoft/vscode,vs-code-engineering[bot],"{""action"": ""created"", ""number"": 292910}"
2026-02-04T19:42:43Z,IssuesEvent,microsoft/vscode,vs-code-engineering[bot],"{""action"": ""unlabeled"", ""number"": 292910}"
2026-02-04T19:42:42Z,IssueCommentEvent,microsoft/vscode,vs-code-engineering[bot],"{""action"": ""created"", ""number"": 292910}"
2026-02-04T19:42:43Z,IssuesEvent,microsoft/vscode,vs-code-engineering[bot],"{""action"": ""labeled"", ""number"": 292910}"
2026-02-04T19:42:36Z,ForkEvent,microsoft/vscode,marcelotvieira,"{""action"": ""forked""}"
2026-02-04T19:42:15Z,IssuesEvent,microsoft/vscode,vs-code-engineering[bot],"{""action"": ""labeled"", ""number"": 292910}"
2026-02-04T19:42:15Z,IssuesEvent,microsoft/vscode,vs-code-engineering[bot],"{""action"": ""labeled"", ""number"": 292910}"
2026-02-04T19:41:57Z,PushEvent,microsoft/vscode,aeschli,"{""ref"": ""refs/heads/aeschli/internal-rabbit-563"", ""head"": ""3b11d2d9540023aef83b023a01ced9edc01fea5e"", ""before"": ""733b1eded345266bcc757da4cac06f8e84cff4ed""}"
2026-02-04T19:41:52Z,PushEvent,microsoft/vscode,DonJayamanne,"{""ref"": ""refs/heads/don/ideological-ferret"", ""head"": ""c01d7a57f5a2de575d161f51625a5c87861b1456"", ""before"": ""8e1d3c037a023bea14c05189fd16694c25a56f04""}"
2026-02-04T19:41:28Z,CreateEvent,microsoft/vscode,meganrogge,"{""action"": null}"
2026-02-04T19:41:20Z,IssueCommentEvent,nodejs/node,codecov[bot],"{""action"": ""created"", ""number"": 61683}"
2026-02-04T19:46:13Z,PullRequestEvent,openclaw/openclaw,openclaw-barnacle[bot],"{""action"": ""labeled"", ""number"": 9034, ""head_id"": null, ""base_id"": null, ""head"": ""improve_shell_completion"", ""base"": ""main""}"
2026-02-04T19:45:56Z,PullRequestEvent,openclaw/openclaw,openclaw-barnacle[bot],"{""action"": ""labeled"", ""number"": 9034, ""head_id"": null, ""base_id"": null, ""head"": ""improve_shell_completion"", ""base"": ""main""}"
2026-02-04T19:45:56Z,PullRequestEvent,openclaw/openclaw,openclaw-barnacle[bot],"{""action"": ""labeled"", ""number"": 9034, ""head_id"": null, ""base_id"": null, ""head"": ""improve_shell_completion"", ""base"": ""main""}"
2026-02-04T19:45:56Z,PullRequestEvent,openclaw/openclaw,openclaw-barnacle[bot],"{""action"": ""labeled"", ""number"": 9034, ""head_id"": null, ""base_id"": null, ""head"": ""improve_shell_completion"", ""base"": ""main""}"
2026-02-04T19:45:53Z,PullRequestEvent,openclaw/openclaw,openclaw-barnacle[bot],"{""action"": ""labeled"", ""number"": 9033, ""head_id"": null, ""base_id"": null, ""head"": ""feat/bedrock-openai-api"", ""base"": ""main""}"
2026-02-04T19:45:53Z,PullRequestEvent,openclaw/openclaw,openclaw-barnacle[bot],"{""action"": ""labeled"", ""number"": 9033, ""head_id"": null, ""base_id"": null, ""head"": ""feat/bedrock-openai-api"", ""base"": ""main""}"
2026-02-04T19:45:56Z,PullRequestEvent,openclaw/openclaw,shakkernerd,"{""action"": ""opened"", ""number"": 9034, ""head_id"": null, ""base_id"": null, ""head"": ""improve_shell_completion"", ""base"": ""main""}"
2026-02-04T19:45:53Z,PullRequestEvent,openclaw/openclaw,joemag1,"{""action"": ""opened"", ""number"": 9033, ""head_id"": null, ""base_id"": null, ""head"": ""feat/bedrock-openai-api"", ""base"": ""main""}"
2026-02-04T19:45:49Z,IssuesEvent,openclaw/openclaw,mpcabete,"{""action"": ""opened"", ""number"": 9032}"
2026-02-04T19:45:00Z,ForkEvent,openclaw/openclaw,bighappyface,"{""action"": ""forked""}"
2026-02-04T19:44:59Z,WatchEvent,openclaw/openclaw,jimmywqb,"{""action"": ""started""}"
2026-02-04T19:44:54Z,ForkEvent,openclaw/openclaw,pipe1800,"{""action"": ""forked""}"
2026-02-04T19:44:47Z,ForkEvent,openclaw/openclaw,exiledtacos,"{""action"": ""forked""}"
2026-02-04T19:44:34Z,PullRequestReviewEvent,openclaw/openclaw,greptile-apps[bot],"{""action"": ""created""}"
2026-02-04T19:44:31Z,PullRequestReviewCommentEvent,openclaw/openclaw,greptile-apps[bot],"{""action"": ""created""}"
2026-02-04T19:44:22Z,IssueCommentEvent,openclaw/openclaw,emonty,"{""action"": ""created"", ""number"": 7286}"
2026-02-04T19:44:08Z,WatchEvent,openclaw/openclaw,chadn,"{""action"": ""started""}"
2026-02-04T19:44:02Z,WatchEvent,openclaw/openclaw,saeeddehghan450,"{""action"": ""started""}"
2026-02-04T19:43:54Z,IssueCommentEvent,openclaw/openclaw,rossbates,"{""action"": ""created"", ""number"": 8558}"
2026-02-04T19:42:49Z,PullRequestEvent,openclaw/openclaw,openclaw-barnacle[bot],"{""action"": ""labeled"", ""number"": 9031, ""head_id"": null, ""base_id"": null, ""head"": ""fix/daemon-cli-shim-barrel-exports"", ""base"": ""main""}"
2026-02-04T19:42:49Z,WatchEvent,openclaw/openclaw,roarinzebra,"{""action"": ""started""}"
2026-02-04T19:42:49Z,PullRequestEvent,openclaw/openclaw,yama-kei,"{""action"": ""opened"", ""number"": 9031, ""head_id"": null, ""base_id"": null, ""head"": ""fix/daemon-cli-shim-barrel-exports"", ""base"": ""main""}"
2026-02-03T15:31:42Z,PullRequestEvent,openclaw/openclaw,maestroagi,"{""action"": ""closed"", ""number"": 8025, ""head_id"": null, ""base_id"": null, ""head"": ""status-version-commit-from-root"", ""base"": ""main""}"
2026-02-04T19:42:20Z,WatchEvent,openclaw/openclaw,Amrit02102004,"{""action"": ""started""}"
2026-02-04T19:41:30Z,WatchEvent,openclaw/openclaw,mhmdelbadry1,"{""action"": ""started""}"
2026-02-04T19:41:29Z,WatchEvent,openclaw/openclaw,jirimertin,"{""action"": ""started""}"
2026-02-04T19:41:26Z,ForkEvent,openclaw/openclaw,jreaves-ui,"{""action"": ""forked""}"
2026-02-04T19:44:12Z,PushEvent,tensorflow/tensorflow,copybara-service[bot],"{""ref"": ""refs/heads/exported_pr_865116404"", ""head"": ""ea5935e88b9065bfc094dfdd22ada27d9d1397f2"", ""before"": ""da7b1d5f66bb84be13b5d64ded84949e7b59a2c1""}"
2026-02-04T19:49:30Z,WatchEvent,anthropics/claude-code,chris00234,"{""action"": ""started""}"
2026-02-04T19:48:26Z,IssueCommentEvent,anthropics/claude-code,zsol,"{""action"": ""created"", ""number"": 19512}"
2026-02-04T19:48:27Z,IssuesEvent,anthropics/claude-code,zsol,"{""action"": ""closed"", ""number"": 19512}"
2026-02-04T19:48:38Z,WatchEvent,godotengine/godot,Panda248,"{""action"": ""started""}"
2026-02-04T19:51:09Z,IssueCommentEvent,kubernetes/kubernetes,gnufied,"{""action"": ""created"", ""number"": 134566}"
2026-02-04T19:49:25Z,PullRequestReviewEvent,kubernetes/kubernetes,aojea,"{""action"": ""created""}"
2026-02-04T19:49:23Z,PullRequestReviewCommentEvent,kubernetes/kubernetes,aojea,"{""action"": ""created""}"
2026-02-04T19:48:54Z,IssueCommentEvent,kubernetes/kubernetes,k8s-ci-robot,"{""action"": ""created"", ""number"": 136754}"
2026-02-04T19:48:52Z,IssueCommentEvent,kubernetes/kubernetes,vaibhav2107,"{""action"": ""created"", ""number"": 129854}"
2026-02-04T19:47:02Z,PullRequestReviewEvent,kubernetes/kubernetes,aojea,"{""action"": ""created""}"
2026-02-04T19:47:00Z,PullRequestReviewCommentEvent,kubernetes/kubernetes,aojea,"{""action"": ""created""}"
2026-02-04T19:50:56Z,PullRequestReviewEvent,llvm/llvm-project,aviralg,"{""action"": ""created""}"
2026-02-04T19:50:54Z,IssueCommentEvent,llvm/llvm-project,Meinersbur,"{""action"": ""created"", ""number"": 176367}"
2026-02-04T19:50:53Z,PullRequestReviewCommentEvent,llvm/llvm-project,aviralg,"{""action"": ""created""}"
2026-02-04T19:50:50Z,PullRequestReviewCommentEvent,llvm/llvm-project,andykaylor,"{""action"": ""created""}"
2026-02-04T19:50:48Z,IssueCommentEvent,llvm/llvm-project,vtjnash,"{""action"": ""created"", ""number"": 179330}"
2026-02-04T19:50:46Z,IssueCommentEvent,llvm/llvm-project,nickdesaulniers,"{""action"": ""created"", ""number"": 92040}"
2026-02-04T19:50:20Z,PullRequestReviewCommentEvent,llvm/llvm-project,bogner,"{""action"": ""created""}"
2026-02-04T19:50:16Z,IssuesEvent,llvm/llvm-project,EugeneZelenko,"{""action"": ""labeled"", ""number"": 177259}"
2026-02-04T19:49:42Z,PullRequestReviewCommentEvent,llvm/llvm-project,andykaylor,"{""action"": ""created""}"
2026-02-04T19:49:31Z,IssueCommentEvent,llvm/llvm-project,jhuber6,"{""action"": ""created"", ""number"": 179724}"
2026-02-04T19:48:43Z,PullRequestReviewEvent,llvm/llvm-project,vporpo,"{""action"": ""created""}"
2026-02-04T19:48:42Z,PullRequestReviewCommentEvent,llvm/llvm-project,vporpo,"{""action"": ""created""}"
2026-02-04T19:48:34Z,PullRequestReviewCommentEvent,llvm/llvm-project,andykaylor,"{""action"": ""created""}"
2026-02-04T19:47:49Z,IssueCommentEvent,llvm/llvm-project,llvmbot,"{""action"": ""created"", ""number"": 179768}"
2026-02-04T19:47:49Z,IssueCommentEvent,llvm/llvm-project,llvmbot,"{""action"": ""created"", ""number"": 179768}"
2026-02-04T19:47:14Z,PullRequestEvent,llvm/llvm-project,llvmbot,"{""action"": ""labeled"", ""number"": 179768, ""head_id"": null, ""base_id"": null, ""head"": ""2026-02-04-cbuffer-struct-after-array"", ""base"": ""main""}"
2026-02-04T19:47:14Z,PullRequestEvent,llvm/llvm-project,llvmbot,"{""action"": ""labeled"", ""number"": 179768, ""head_id"": null, ""base_id"": null, ""head"": ""2026-02-04-cbuffer-struct-after-array"", ""base"": ""main""}"
2026-02-04T19:47:14Z,PullRequestEvent,llvm/llvm-project,llvmbot,"{""action"": ""labeled"", ""number"": 179768, ""head_id"": null, ""base_id"": null, ""head"": ""2026-02-04-cbuffer-struct-after-array"", ""base"": ""main""}"
2026-02-04T19:47:14Z,PullRequestEvent,llvm/llvm-project,bogner,"{""action"": ""opened"", ""number"": 179768, ""head_id"": null, ""base_id"": null, ""head"": ""2026-02-04-cbuffer-struct-after-array"", ""base"": ""main""}"
2026-02-04T19:47:55Z,WatchEvent,microsoft/TypeScript,xvrpop,"{""action"": ""started""}"
2026-02-04T19:51:35Z,IssuesEvent,microsoft/vscode,vs-code-engineering[bot],"{""action"": ""labeled"", ""number"": 292278}"
2026-02-04T19:51:34Z,IssuesEvent,microsoft/vscode,vs-code-engineering[bot],"{""action"": ""unlabeled"", ""number"": 292278}"
2026-02-04T19:51:29Z,IssuesEvent,microsoft/vscode,vs-code-engineering[bot],"{""action"": ""labeled"", ""number"": 292286}"
2026-02-04T19:51:28Z,IssuesEvent,microsoft/vscode,vs-code-engineering[bot],"{""action"": ""unlabeled"", ""number"": 292286}"
2026-02-04T19:51:24Z,IssuesEvent,microsoft/vscode,vs-code-engineering[bot],"{""action"": ""unlabeled"", ""number"": 292296}"
2026-02-04T19:51:23Z,IssuesEvent,microsoft/vscode,vs-code-engineering[bot],"{""action"": ""labeled"", ""number"": 292296}"
2026-02-04T19:51:21Z,IssuesEvent,microsoft/vscode,vs-code-engineering[bot],"{""action"": ""unlabeled"", ""number"": 292353}"
2026-02-04T19:51:20Z,IssuesEvent,microsoft/vscode,vs-code-engineering[bot],"{""action"": ""labeled"", ""number"": 292353}"
2026-02-04T19:51:16Z,PushEvent,microsoft/vscode,lszomoru,"{""ref"": ""refs/heads/sandy081/layout-exploration"", ""head"": ""c8ee7286a6ca01a8f22053a0613ffde66f7b9d04"", ""before"": ""818308f0e7b241a52af780fd120b4cadaa36ab02""}"
2026-02-04T19:51:16Z,IssuesEvent,microsoft/vscode,vs-code-engineering[bot],"{""action"": ""labeled"", ""number"": 292550}"
2026-02-04T19:51:15Z,IssuesEvent,microsoft/vscode,vs-code-engineering[bot],"{""action"": ""unlabeled"", ""number"": 292550}"
2026-02-04T19:51:09Z,IssuesEvent,microsoft/vscode,vs-code-engineering[bot],"{""action"": ""labeled"", ""number"": 292582}"
2026-02-04T19:51:09Z,IssuesEvent,microsoft/vscode,vs-code-engineering[bot],"{""action"": ""unlabeled"", ""number"": 292582}"
2026-02-04T19:51:07Z,IssuesEvent,microsoft/vscode,vs-code-engineering[bot],"{""action"": ""labeled"", ""number"": 292607}"
2026-02-04T19:51:05Z,IssuesEvent,microsoft/vscode,vs-code-engineering[bot],"{""action"": ""unlabeled"", ""number"": 292607}"
2026-02-04T19:51:02Z,IssuesEvent,microsoft/vscode,vs-code-engineering[bot],"{""action"": ""labeled"", ""number"": 292615}"
2026-02-04T19:51:01Z,IssuesEvent,microsoft/vscode,vs-code-engineering[bot],"{""action"": ""unlabeled"", ""number"": 292615}"
2026-02-04T19:50:57Z,IssuesEvent,microsoft/vscode,vs-code-engineering[bot],"{""action"": ""labeled"", ""number"": 292665}"
2026-02-04T19:50:56Z,IssuesEvent,microsoft/vscode,vs-code-engineering[bot],"{""action"": ""unlabeled"", ""number"": 292665}"
2026-02-04T19:50:51Z,IssuesEvent,microsoft/vscode,vs-code-engineering[bot],"{""action"": ""labeled"", ""number"": 292678}"
2026-02-04T19:50:50Z,IssuesEvent,microsoft/vscode,vs-code-engineering[bot],"{""action"": ""unlabeled"", ""number"": 292678}"
2026-02-04T19:50:40Z,IssuesEvent,microsoft/vscode,vs-code-engineering[bot],"{""action"": ""unlabeled"", ""number"": 292778}"
2026-02-04T19:50:39Z,IssuesEvent,microsoft/vscode,vs-code-engineering[bot],"{""action"": ""labeled"", ""number"": 292778}"
2026-02-04T19:49:25Z,IssuesEvent,microsoft/vscode,meganrogge,"{""action"": ""closed"", ""number"": 292917}"
2026-02-04T19:49:24Z,IssueCommentEvent,microsoft/vscode,meganrogge,"{""action"": ""created"", ""number"": 292917}"
2026-02-04T19:48:44Z,IssueCommentEvent,microsoft/vscode,meganrogge,"{""action"": ""created"", ""number"": 292917}"
2026-02-04T19:48:42Z,IssueCommentEvent,microsoft/vscode,vs-code-engineering[bot],"{""action"": ""created"", ""number"": 292916}"
2026-02-04T19:51:34Z,WatchEvent,openclaw/openclaw,goonerDroid,"{""action"": ""started""}"
2026-02-04T19:51:20Z,PullRequestEvent,openclaw/openclaw,openclaw-barnacle[bot],"{""action"": ""labeled"", ""number"": 9039, ""head_id"": null, ""base_id"": null, ""head"": ""fix/telegram-dm-topics-threadid-8891"", ""base"": ""main""}"
2026-02-04T19:51:26Z,WatchEvent,openclaw/openclaw,jurajsucik,"{""action"": ""started""}"
2026-02-04T19:51:20Z,PullRequestEvent,openclaw/openclaw,lailoo,"{""action"": ""opened"", ""number"": 9039, ""head_id"": null, ""base_id"": null, ""head"": ""fix/telegram-dm-topics-threadid-8891"", ""base"": ""main""}"
2026-02-04T19:51:15Z,ForkEvent,openclaw/openclaw,Dmitri131313,"{""action"": ""forked""}"
2026-02-04T19:51:09Z,DeleteEvent,openclaw/openclaw,shakkernerd,"{""action"": null}"
2026-02-04T19:51:06Z,PullRequestEvent,openclaw/openclaw,shakkernerd,"{""action"": ""merged"", ""number"": 9034, ""head_id"": 1103012935, ""base_id"": 1103012935, ""head"": ""improve_shell_completion"", ""base"": ""main""}"
2026-02-04T19:51:08Z,PushEvent,openclaw/openclaw,shakkernerd,"{""ref"": ""refs/heads/main"", ""head"": ""43590d8287df1a4e26d953ccd982f093ccf87d0f"", ""before"": ""2b1da4f5d86fa5e4dda630b7fc57213d973d4b26""}"
2026-02-04T19:50:46Z,WatchEvent,openclaw/openclaw,banklycc-alt,"{""action"": ""started""}"
2026-02-04T19:50:14Z,PullRequestEvent,openclaw/openclaw,openclaw-barnacle[bot],"{""action"": ""labeled"", ""number"": 9038, ""head_id"": null, ""base_id"": null, ""head"": ""feature/hierarchical-memory"", ""base"": ""main""}"
2026-02-04T19:50:14Z,PullRequestEvent,openclaw/openclaw,openclaw-barnacle[bot],"{""action"": ""labeled"", ""number"": 9038, ""head_id"": null, ""base_id"": null, ""head"": ""feature/hierarchical-memory"", ""base"": ""main""}"
2026-02-04T19:50:14Z,PullRequestEvent,openclaw/openclaw,openclaw-barnacle[bot],"{""action"": ""labeled"", ""number"": 9038, ""head_id"": null, ""base_id"": null, ""head"": ""feature/hierarchical-memory"", ""base"": ""main""}"
2026-02-04T19:50:14Z,PullRequestEvent,openclaw/openclaw,openclaw-barnacle[bot],"{""action"": ""labeled"", ""number"": 9038, ""head_id"": null, ""base_id"": null, ""head"": ""feature/hierarchical-memory"", ""base"": ""main""}"
2026-02-04T19:50:14Z,PullRequestEvent,openclaw/openclaw,antra-tess,"{""action"": ""opened"", ""number"": 9038, ""head_id"": null, ""base_id"": null, ""head"": ""feature/hierarchical-memory"", ""base"": ""main""}"
2026-02-04T19:50:09Z,WatchEvent,openclaw/openclaw,nelisjunior,"{""action"": ""started""}"
2026-02-04T19:49:46Z,IssueCommentEvent,openclaw/openclaw,dirk-elsinghorst,"{""action"": ""created"", ""number"": 9030}"
2026-02-04T19:49:17Z,IssuesEvent,openclaw/openclaw,basslakesolutions,"{""action"": ""closed"", ""number"": 9037}"
2026-02-04T19:49:14Z,IssueCommentEvent,openclaw/openclaw,basslakesolutions,"{""action"": ""created"", ""number"": 9037}"
2026-02-04T19:49:14Z,PullRequestReviewEvent,openclaw/openclaw,greptile-apps[bot],"{""action"": ""created""}"
2026-02-04T19:49:11Z,PullRequestReviewCommentEvent,openclaw/openclaw,greptile-apps[bot],"{""action"": ""created""}"
2026-02-04T19:49:05Z,IssuesEvent,openclaw/openclaw,mpcabete,"{""action"": ""closed"", ""number"": 9032}"
2026-02-04T19:49:02Z,PullRequestReviewEvent,openclaw/openclaw,greptile-apps[bot],"{""action"": ""created""}"
2026-02-04T19:48:59Z,PullRequestReviewCommentEvent,openclaw/openclaw,greptile-apps[bot],"{""action"": ""created""}"
2026-02-04T19:48:58Z,PullRequestReviewCommentEvent,openclaw/openclaw,greptile-apps[bot],"{""action"": ""created""}"
2026-02-04T19:48:48Z,WatchEvent,openclaw/openclaw,marwan-cpu,"{""action"": ""started""}"
2026-02-04T19:48:22Z,PullRequestEvent,openclaw/openclaw,openclaw-barnacle[bot],"{""action"": ""labeled"", ""number"": 9036, ""head_id"": null, ""base_id"": null, ""head"": ""fix/systemd-restart-limits"", ""base"": ""main""}"
2026-02-04T19:48:33Z,WatchEvent,openclaw/openclaw,amyndev,"{""action"": ""started""}"
2026-02-04T19:48:31Z,WatchEvent,openclaw/openclaw,zhang-edward,"{""action"": ""started""}"
2026-02-04T19:48:32Z,IssuesEvent,openclaw/openclaw,basslakesolutions,"{""action"": ""opened"", ""number"": 9037}"
2026-02-04T19:48:22Z,PullRequestEvent,openclaw/openclaw,joetomasone,"{""action"": ""opened"", ""number"": 9036, ""head_id"": null, ""base_id"": null, ""head"": ""fix/systemd-restart-limits"", ""base"": ""main""}"
2026-02-04T19:48:06Z,ForkEvent,openclaw/openclaw,vertaxiao,"{""action"": ""forked""}"
2026-02-04T19:48:02Z,PushEvent,openclaw/openclaw,shakkernerd,"{""ref"": ""refs/heads/improve_shell_completion"", ""head"": ""b2814e71cc3f5a593e332286a19bc9a58b70d777"", ""before"": ""600ee5943fac2d961f8ce198e1b44a2dd0657262""}"
2026-02-04T19:48:00Z,IssueCommentEvent,openclaw/openclaw,greptile-apps[bot],"{""action"": ""created"", ""number"": 9034}"
2026-02-04T19:47:59Z,PullRequestReviewEvent,openclaw/openclaw,greptile-apps[bot],"{""action"": ""created""}"
2026-02-04T19:47:57Z,WatchEvent,openclaw/openclaw,crisjumbo,"{""action"": ""started""}"
2026-02-04T19:47:58Z,PullRequestReviewCommentEvent,openclaw/openclaw,greptile-apps[bot],"{""action"": ""created""}"
2026-02-04T19:47:44Z,PullRequestEvent,openclaw/openclaw,openclaw-barnacle[bot],"{""action"": ""labeled"", ""number"": 9035, ""head_id"": null, ""base_id"": null, ""head"": ""caecilie/fix-cron-next-run-after-restart"", ""base"": ""main""}"
2026-02-04T19:47:44Z,PullRequestEvent,openclaw/openclaw,welttowelt,"{""action"": ""opened"", ""number"": 9035, ""head_id"": null, ""base_id"": null, ""head"": ""caecilie/fix-cron-next-run-after-restart"", ""base"": ""main""}"
2026-02-04T19:47:20Z,WatchEvent,openclaw/openclaw,Sharkx444,"{""action"": ""started""}"
2026-02-04T19:47:13Z,WatchEvent,openclaw/openclaw,Firewehr,"{""action"": ""started""}"
2026-02-04T19:47:12Z,IssueCommentEvent,openclaw/openclaw,greptile-apps[bot],"{""action"": ""created"", ""number"": 7286}"
2026-02-04T19:47:13Z,PullRequestReviewEvent,openclaw/openclaw,greptile-apps[bot],"{""action"": ""created""}"
2026-02-04T19:47:10Z,PullRequestReviewCommentEvent,openclaw/openclaw,greptile-apps[bot],"{""action"": ""created""}"
2026-02-04T19:47:01Z,WatchEvent,openclaw/openclaw,morricd,"{""action"": ""started""}"
2026-02-04T19:46:59Z,WatchEvent,openclaw/openclaw,3akrot,"{""action"": ""started""}"
2026-02-04T19:46:59Z,WatchEvent,openclaw/openclaw,nunezr19,"{""action"": ""started""}"
2026-02-04T19:46:48Z,ForkEvent,openclaw/openclaw,a45b,"{""action"": ""forked""}"
2026-02-04T19:50:26Z,WatchEvent,tensorflow/tensorflow,FnordPie,"{""action"": ""started""}"
2026-02-04T19:50:23Z,ForkEvent,tensorflow/tensorflow,PMORAM-20,"{""action"": ""forked""}"
2026-02-04T19:50:02Z,PushEvent,tensorflow/tensorflow,copybara-service[bot],"{""ref"": ""refs/heads/exported_pr_865244239"", ""head"": ""e2c466b32db39ff70026128468adf2f2facb6a44"", ""before"": ""63bd24439348423e5f99a5a7e79690d0c6bae7fb""}"
2026-02-04T19:48:37Z,PushEvent,tensorflow/tensorflow,copybara-service[bot],"{""ref"": ""refs/heads/exported_pr_865307765"", ""head"": ""f279e3cb44aaa2d43916154c23bfb31a67da16b6"", ""before"": ""d4f6be44f3217114cc6c01cafc23f9697e3af10d""}"
2026-02-04T19:47:57Z,WatchEvent,torvalds/linux,PandK8,"{""action"": ""started""}"
2026-02-04T19:57:31Z,IssueCommentEvent,anthropics/claude-code,cmrigney,"{""action"": ""created"", ""number"": 20377}"
2026-02-04T19:55:52Z,IssuesEvent,anthropics/claude-code,github-actions[bot],"{""action"": ""unlabeled"", ""number"": 11947}"
2026-02-04T19:55:43Z,IssueCommentEvent,anthropics/claude-code,data-goblin,"{""action"": ""created"", ""number"": 11947}"
2026-02-04T19:49:30Z,WatchEvent,anthropics/claude-code,chris00234,"{""action"": ""started""}"
2026-02-04T19:48:26Z,IssueCommentEvent,anthropics/claude-code,zsol,"{""action"": ""created"", ""number"": 19512}"
2026-02-04T19:48:27Z,IssuesEvent,anthropics/claude-code,zsol,"{""action"": ""closed"", ""number"": 19512}"
2026-02-04T19:42:27Z,IssueCommentEvent,anthropics/claude-code,github-actions[bot],"{""action"": ""created"", ""number"": 23173}"
2026-02-04T19:42:26Z,IssuesEvent,anthropics/claude-code,segevfiner,"{""action"": ""closed"", ""number"": 23088}"
2026-02-04T19:41:28Z,IssueCommentEvent,anthropics/claude-code,github-actions[bot],"{""action"": ""created"", ""number"": 23172}"
2026-02-04T19:40:28Z,IssueCommentEvent,anthropics/claude-code,github-actions[bot],"{""action"": ""created"", ""number"": 23171}"
2026-02-04T19:40:04Z,IssueCommentEvent,anthropics/claude-code,in-op,"{""action"": ""created"", ""number"": 17764}"
2026-02-04T19:39:33Z,IssuesEvent,anthropics/claude-code,github-actions[bot],"{""action"": ""labeled"", ""number"": 23173}"
2026-02-04T19:39:19Z,IssuesEvent,anthropics/claude-code,github-actions[bot],"{""action"": ""labeled"", ""number"": 23172}"
2026-02-04T19:39:19Z,IssuesEvent,anthropics/claude-code,github-actions[bot],"{""action"": ""labeled"", ""number"": 23172}"
2026-02-04T19:39:19Z,IssuesEvent,anthropics/claude-code,github-actions[bot],"{""action"": ""labeled"", ""number"": 23172}"
2026-02-04T19:39:14Z,WatchEvent,anthropics/claude-code,chengnieisu,"{""action"": ""started""}"
2026-02-04T19:39:09Z,IssueCommentEvent,anthropics/claude-code,github-actions[bot],"{""action"": ""created"", ""number"": 23170}"
2026-02-04T19:38:50Z,IssuesEvent,anthropics/claude-code,in-op,"{""action"": ""closed"", ""number"": 23154}"
2026-02-04T19:38:48Z,IssueCommentEvent,anthropics/claude-code,in-op,"{""action"": ""created"", ""number"": 23154}"
2026-02-04T19:38:36Z,IssuesEvent,anthropics/claude-code,Convl,"{""action"": ""labeled"", ""number"": 23173}"
2026-02-04T19:57:06Z,WatchEvent,facebook/react,tehmedelezti,"{""action"": ""started""}"
2026-02-04T19:44:05Z,PushEvent,facebook/react,github-actions[bot],"{""ref"": ""refs/heads/builds/facebook-www"", ""head"": ""f44a4f7ecbdcbc6da8e82be7a3c0ffe66a62e433"", ""before"": ""7f4381f4618a690379d35dbe62e9d456443f914d""}"
2026-02-04T19:52:20Z,WatchEvent,ghostty-org/ghostty,guofoo,"{""action"": ""started""}"
2026-02-04T19:40:57Z,WatchEvent,ghostty-org/ghostty,JanUwU42,"{""action"": ""started""}"
2026-02-04T19:48:38Z,WatchEvent,godotengine/godot,Panda248,"{""action"": ""started""}"
2026-02-04T19:13:53Z,PullRequestEvent,godotengine/godot,AThousandShips,"{""action"": ""labeled"", ""number"": 113454, ""head_id"": null, ""base_id"": null, ""head"": ""Vcock"", ""base"": ""master""}"
2026-02-04T19:40:10Z,PullRequestReviewEvent,godotengine/godot,aaronfranke,"{""action"": ""created""}"
2026-02-04T19:40:07Z,PullRequestReviewCommentEvent,godotengine/godot,aaronfranke,"{""action"": ""created""}"
2026-02-04T19:39:16Z,PullRequestEvent,godotengine/godot,kitbdev,"{""action"": ""labeled"", ""number"": 115876, ""head_id"": null, ""base_id"": null, ""head"": ""fix-te-search-backwards"", ""base"": ""master""}"
2026-02-04T19:39:16Z,PullRequestEvent,godotengine/godot,kitbdev,"{""action"": ""labeled"", ""number"": 115876, ""head_id"": null, ""base_id"": null, ""head"": ""fix-te-search-backwards"", ""base"": ""master""}"
2026-02-04T19:39:16Z,PullRequestEvent,godotengine/godot,kitbdev,"{""action"": ""labeled"", ""number"": 115876, ""head_id"": null, ""base_id"": null, ""head"": ""fix-te-search-backwards"", ""base"": ""master""}"
2026-02-04T19:58:19Z,IssueCommentEvent,kubernetes/kubernetes,BenTheElder,"{""action"": ""created"", ""number"": 136030}"
2026-02-04T19:57:56Z,IssueCommentEvent,kubernetes/kubernetes,k8s-ci-robot,"{""action"": ""created"", ""number"": 136747}"
2026-02-04T19:55:37Z,PullRequestReviewCommentEvent,kubernetes/kubernetes,helayoty,"{""action"": ""created""}"
2026-02-04T19:53:55Z,IssueCommentEvent,kubernetes/kubernetes,BenTheElder,"{""action"": ""created"", ""number"": 136030}"
2026-02-04T19:53:12Z,IssueCommentEvent,kubernetes/kubernetes,k8s-ci-robot,"{""action"": ""created"", ""number"": 136752}"
2026-02-04T19:53:03Z,IssueCommentEvent,kubernetes/kubernetes,k8s-ci-robot,"{""action"": ""created"", ""number"": 136752}"
2026-02-04T19:53:00Z,PullRequestEvent,kubernetes/kubernetes,k8s-ci-robot,"{""action"": ""labeled"", ""number"": 136752, ""head_id"": null, ""base_id"": null, ""head"": ""please-no-new-test-images"", ""base"": ""master""}"
2026-02-04T18:25:07Z,PullRequestEvent,kubernetes/kubernetes,k8s-ci-robot,"{""action"": ""assigned"", ""number"": 136752, ""head_id"": null, ""base_id"": null, ""head"": ""please-no-new-test-images"", ""base"": ""master""}"
2026-02-04T18:25:34Z,PullRequestEvent,kubernetes/kubernetes,k8s-ci-robot,"{""action"": ""labeled"", ""number"": 136752, ""head_id"": null, ""base_id"": null, ""head"": ""please-no-new-test-images"", ""base"": ""master""}"
2026-02-04T19:52:54Z,IssueCommentEvent,kubernetes/kubernetes,dims,"{""action"": ""created"", ""number"": 136752}"
2026-02-04T19:51:09Z,IssueCommentEvent,kubernetes/kubernetes,gnufied,"{""action"": ""created"", ""number"": 134566}"
2026-02-04T19:58:20Z,PullRequestReviewEvent,llvm/llvm-project,topperc,"{""action"": ""created""}"
2026-02-04T19:58:18Z,PushEvent,llvm/llvm-project,philnik777,"{""ref"": ""refs/heads/main"", ""head"": ""ccb58432e31c9c0174e2273fe1c12c4c0b5128d8"", ""before"": ""68592fa7ee61f2bd5c648105203f002b5f6067e9""}"
2026-02-04T19:58:16Z,PullRequestEvent,llvm/llvm-project,philnik777,"{""action"": ""merged"", ""number"": 177123, ""head_id"": 518956153, ""base_id"": 75821432, ""head"": ""reverse_copy_use_view"", ""base"": ""main""}"
2026-02-04T19:56:54Z,PullRequestReviewCommentEvent,llvm/llvm-project,topperc,"{""action"": ""created""}"
2026-02-04T19:56:22Z,PullRequestReviewEvent,llvm/llvm-project,bogner,"{""action"": ""created""}"
2026-02-04T19:56:14Z,IssueCommentEvent,llvm/llvm-project,bob80905,"{""action"": ""created"", ""number"": 179525}"
2026-02-04T19:55:55Z,PullRequestReviewEvent,llvm/llvm-project,efriedma-quic,"{""action"": ""created""}"
2026-02-04T19:55:35Z,PullRequestReviewCommentEvent,llvm/llvm-project,efriedma-quic,"{""action"": ""created""}"
2026-02-04T19:55:05Z,PullRequestReviewEvent,llvm/llvm-project,bogner,"{""action"": ""created""}"
2026-02-04T19:54:42Z,PullRequestReviewCommentEvent,llvm/llvm-project,andykaylor,"{""action"": ""created""}"
2026-02-04T19:54:23Z,PullRequestReviewCommentEvent,llvm/llvm-project,bogner,"{""action"": ""created""}"
2026-02-04T19:54:08Z,IssueCommentEvent,llvm/llvm-project,github-actions[bot],"{""action"": ""created"", ""number"": 179770}"
2026-02-04T19:53:48Z,PushEvent,llvm/llvm-project,rupprecht,"{""ref"": ""refs/heads/main"", ""head"": ""68592fa7ee61f2bd5c648105203f002b5f6067e9"", ""before"": ""65c46fee1df4026273b8033a0486e66a2f5e6b35""}"
2026-02-04T19:53:46Z,PullRequestEvent,llvm/llvm-project,rupprecht,"{""action"": ""merged"", ""number"": 179733, ""head_id"": 691856829, ""base_id"": 75821432, ""head"": ""test-writeable-dir"", ""base"": ""main""}"
2026-02-04T19:53:45Z,IssueCommentEvent,llvm/llvm-project,dtcxzyw,"{""action"": ""created"", ""number"": 171195}"
2026-02-04T19:52:58Z,IssueCommentEvent,llvm/llvm-project,llvmbot,"{""action"": ""created"", ""number"": 179770}"
2026-02-04T19:52:35Z,PullRequestReviewCommentEvent,llvm/llvm-project,bogner,"{""action"": ""created""}"
2026-02-04T19:52:23Z,PullRequestEvent,llvm/llvm-project,llvmbot,"{""action"": ""labeled"", ""number"": 179770, ""head_id"": null, ""base_id"": null, ""head"": ""add_bind"", ""base"": ""main""}"
2026-02-04T19:52:23Z,PullRequestEvent,llvm/llvm-project,llvmbot,"{""action"": ""labeled"", ""number"": 179770, ""head_id"": null, ""base_id"": null, ""head"": ""add_bind"", ""base"": ""main""}"
2026-02-04T19:52:26Z,PullRequestReviewCommentEvent,llvm/llvm-project,andykaylor,"{""action"": ""created""}"
2026-02-04T19:52:23Z,PullRequestEvent,llvm/llvm-project,RattataKing,"{""action"": ""opened"", ""number"": 179770, ""head_id"": null, ""base_id"": null, ""head"": ""add_bind"", ""base"": ""main""}"
2026-02-04T19:51:55Z,PullRequestReviewEvent,llvm/llvm-project,vporpo,"{""action"": ""created""}"
2026-02-04T19:51:53Z,PullRequestReviewCommentEvent,llvm/llvm-project,vporpo,"{""action"": ""created""}"
2026-02-04T19:51:36Z,IssuesEvent,llvm/llvm-project,hekota,"{""action"": ""labeled"", ""number"": 179769}"
2026-02-04T19:51:36Z,IssuesEvent,llvm/llvm-project,hekota,"{""action"": ""opened"", ""number"": 179769}"
2026-02-04T19:33:24Z,IssueCommentEvent,microsoft/TypeScript,typescript-bot,"{""action"": ""created"", ""number"": 63046}"
2026-02-04T19:58:18Z,WatchEvent,microsoft/vscode,tehmedelezti,"{""action"": ""started""}"
2026-02-04T19:57:34Z,PullRequestReviewEvent,microsoft/vscode,roblourens,"{""action"": ""dismissed""}"
2026-02-04T19:57:32Z,PushEvent,microsoft/vscode,roblourens,"{""ref"": ""refs/heads/roblou/gorgeous-lemur"", ""head"": ""9c18a8b842a2edc53c483e283a5875ad9cf81e59"", ""before"": ""5c40ef75a6fdf7d5804de68c500c5448aef4cf7e""}"
2026-02-04T19:57:25Z,IssuesEvent,microsoft/vscode,vs-code-engineering[bot],"{""action"": ""unlabeled"", ""number"": 245840}"
2026-02-04T19:57:25Z,IssuesEvent,microsoft/vscode,vs-code-engineering[bot],"{""action"": ""labeled"", ""number"": 245840}"
2026-02-04T19:57:19Z,IssuesEvent,microsoft/vscode,vs-code-engineering[bot],"{""action"": ""labeled"", ""number"": 250108}"
2026-02-04T19:57:19Z,IssuesEvent,microsoft/vscode,vs-code-engineering[bot],"{""action"": ""unlabeled"", ""number"": 250108}"
2026-02-04T19:57:05Z,IssuesEvent,microsoft/vscode,vs-code-engineering[bot],"{""action"": ""unlabeled"", ""number"": 263124}"
2026-02-04T19:57:05Z,IssuesEvent,microsoft/vscode,vs-code-engineering[bot],"{""action"": ""labeled"", ""number"": 263124}"
2026-02-04T19:56:59Z,IssuesEvent,microsoft/vscode,vs-code-engineering[bot],"{""action"": ""labeled"", ""number"": 267766}"
2026-02-04T19:56:58Z,IssuesEvent,microsoft/vscode,vs-code-engineering[bot],"{""action"": ""unlabeled"", ""number"": 267766}"
2026-02-04T19:56:51Z,IssuesEvent,microsoft/vscode,vs-code-engineering[bot],"{""action"": ""labeled"", ""number"": 271167}"
2026-02-04T19:56:49Z,IssuesEvent,microsoft/vscode,vs-code-engineering[bot],"{""action"": ""unlabeled"", ""number"": 271167}"
2026-02-04T19:56:44Z,IssuesEvent,microsoft/vscode,vs-code-engineering[bot],"{""action"": ""labeled"", ""number"": 272750}"
2026-02-04T19:56:43Z,IssuesEvent,microsoft/vscode,vs-code-engineering[bot],"{""action"": ""unlabeled"", ""number"": 272750}"
2026-02-04T19:56:32Z,IssuesEvent,microsoft/vscode,vs-code-engineering[bot],"{""action"": ""labeled"", ""number"": 277330}"
2026-02-04T19:56:31Z,IssuesEvent,microsoft/vscode,vs-code-engineering[bot],"{""action"": ""unlabeled"", ""number"": 277330}"
2026-02-04T19:56:20Z,IssuesEvent,microsoft/vscode,vs-code-engineering[bot],"{""action"": ""unlabeled"", ""number"": 277541}"
2026-02-04T19:56:20Z,IssuesEvent,microsoft/vscode,vs-code-engineering[bot],"{""action"": ""labeled"", ""number"": 277541}"
2026-02-04T19:56:15Z,IssuesEvent,microsoft/vscode,vs-code-engineering[bot],"{""action"": ""labeled"", ""number"": 278614}"
2026-02-04T19:56:14Z,IssuesEvent,microsoft/vscode,vs-code-engineering[bot],"{""action"": ""unlabeled"", ""number"": 278614}"
2026-02-04T19:55:59Z,IssuesEvent,microsoft/vscode,vs-code-engineering[bot],"{""action"": ""unlabeled"", ""number"": 283328}"
2026-02-04T19:55:59Z,IssuesEvent,microsoft/vscode,vs-code-engineering[bot],"{""action"": ""labeled"", ""number"": 283328}"
2026-02-04T19:55:53Z,IssuesEvent,microsoft/vscode,vs-code-engineering[bot],"{""action"": ""labeled"", ""number"": 284114}"
2026-02-04T19:55:52Z,IssuesEvent,microsoft/vscode,vs-code-engineering[bot],"{""action"": ""unlabeled"", ""number"": 284114}"
2026-02-04T19:55:47Z,IssuesEvent,microsoft/vscode,vs-code-engineering[bot],"{""action"": ""labeled"", ""number"": 286373}"
2026-02-04T19:55:45Z,IssuesEvent,microsoft/vscode,vs-code-engineering[bot],"{""action"": ""unlabeled"", ""number"": 286373}"
2026-02-04T19:57:32Z,PullRequestEvent,nodejs/node,legendecas,"{""action"": ""labeled"", ""number"": 61682, ""head_id"": null, ""base_id"": null, ""head"": ""fix-flaky-test-node-output-sourcemaps"", ""base"": ""main""}"
2026-02-04T19:57:34Z,PullRequestReviewEvent,nodejs/node,legendecas,"{""action"": ""created""}"
2026-02-04T19:41:20Z,IssueCommentEvent,nodejs/node,codecov[bot],"{""action"": ""created"", ""number"": 61683}"
2026-02-04T19:27:56Z,WatchEvent,nodejs/node,gouravverma23,"{""action"": ""started""}"
2026-02-04T19:58:13Z,IssueCommentEvent,openclaw/openclaw,0x0-Nyx,"{""action"": ""created"", ""number"": 1818}"
2026-02-04T19:55:52Z,PullRequestEvent,openclaw/openclaw,joemag1,"{""action"": ""closed"", ""number"": 9033, ""head_id"": null, ""base_id"": null, ""head"": ""feat/bedrock-openai-api"", ""base"": ""main""}"
2026-02-04T19:58:00Z,PullRequestEvent,openclaw/openclaw,joetomasone,"{""action"": ""opened"", ""number"": 9045, ""head_id"": null, ""base_id"": null, ""head"": ""fix/legacy-aliases-warning"", ""base"": ""main""}"
2026-02-04T19:57:22Z,IssueCommentEvent,openclaw/openclaw,robottwo,"{""action"": ""created"", ""number"": 9041}"
2026-02-04T19:57:18Z,IssuesEvent,openclaw/openclaw,robottwo,"{""action"": ""opened"", ""number"": 9044}"
2026-02-04T19:57:14Z,WatchEvent,openclaw/openclaw,enyuanshih,"{""action"": ""started""}"
2026-02-04T19:56:57Z,WatchEvent,openclaw/openclaw,Beledarian,"{""action"": ""started""}"
2026-02-04T19:56:49Z,IssueCommentEvent,openclaw/openclaw,Tongtong0316,"{""action"": ""created"", ""number"": 8839}"
2026-02-04T19:56:22Z,PullRequestEvent,openclaw/openclaw,openclaw-barnacle[bot],"{""action"": ""labeled"", ""number"": 9043, ""head_id"": null, ""base_id"": null, ""head"": ""fix/hooks-graceful-degradation"", ""base"": ""main""}"
2026-02-04T19:56:22Z,PullRequestEvent,openclaw/openclaw,joetomasone,"{""action"": ""opened"", ""number"": 9043, ""head_id"": null, ""base_id"": null, ""head"": ""fix/hooks-graceful-degradation"", ""base"": ""main""}"
2026-02-04T16:06:42Z,PullRequestEvent,openclaw/openclaw,mcaxtr,"{""action"": ""closed"", ""number"": 8915, ""head_id"": null, ""base_id"": null, ""head"": ""fix/8889-cron-enabled-default"", ""base"": ""main""}"
2026-02-04T19:55:20Z,PullRequestEvent,openclaw/openclaw,openclaw-barnacle[bot],"{""action"": ""labeled"", ""number"": 9041, ""head_id"": null, ""base_id"": null, ""head"": ""feat/tts-post-process-hook"", ""base"": ""main""}"
2026-02-04T19:55:29Z,IssuesEvent,openclaw/openclaw,kvnbishop,"{""action"": ""opened"", ""number"": 9042}"
2026-02-04T19:55:20Z,PullRequestEvent,openclaw/openclaw,robottwo,"{""action"": ""opened"", ""number"": 9041, ""head_id"": null, ""base_id"": null, ""head"": ""feat/tts-post-process-hook"", ""base"": ""main""}"
2026-02-04T19:55:08Z,ForkEvent,openclaw/openclaw,robottwo,"{""action"": ""forked""}"
2026-02-04T19:54:54Z,IssueCommentEvent,openclaw/openclaw,frankhommers,"{""action"": ""created"", ""number"": 8355}"
2026-02-04T19:54:37Z,IssueCommentEvent,openclaw/openclaw,Water-Enjoyer,"{""action"": ""created"", ""number"": 8989}"
2026-02-04T19:54:33Z,WatchEvent,openclaw/openclaw,MTweb3,"{""action"": ""started""}"
2026-02-04T19:54:31Z,WatchEvent,openclaw/openclaw,MikeGlotzkowski,"{""action"": ""started""}"
2026-02-04T19:54:29Z,WatchEvent,openclaw/openclaw,oliverhasersg,"{""action"": ""started""}"
2026-02-04T19:52:29Z,PullRequestEvent,openclaw/openclaw,antra-tess,"{""action"": ""closed"", ""number"": 9038, ""head_id"": null, ""base_id"": null, ""head"": ""feature/hierarchical-memory"", ""base"": ""main""}"
2026-02-04T19:53:34Z,PullRequestEvent,openclaw/openclaw,joetomasone,"{""action"": ""opened"", ""number"": 9040, ""head_id"": null, ""base_id"": null, ""head"": ""fix/config-validation-fail-closed"", ""base"": ""main""}"
2026-02-04T19:52:51Z,WatchEvent,openclaw/openclaw,dsantip3labs,"{""action"": ""started""}"
2026-02-04T19:52:40Z,WatchEvent,openclaw/openclaw,karlhendrik,"{""action"": ""started""}"
2026-02-04T19:52:37Z,WatchEvent,openclaw/openclaw,kingink,"{""action"": ""started""}"
2026-02-04T19:52:29Z,IssueCommentEvent,openclaw/openclaw,greptile-apps[bot],"{""action"": ""created"", ""number"": 9038}"
2026-02-04T19:52:29Z,IssueCommentEvent,openclaw/openclaw,lailoo,"{""action"": ""created"", ""number"": 8936}"
2026-02-04T19:52:30Z,PullRequestReviewEvent,openclaw/openclaw,greptile-apps[bot],"{""action"": ""created""}"
2026-02-04T19:52:27Z,PullRequestReviewCommentEvent,openclaw/openclaw,greptile-apps[bot],"{""action"": ""created""}"
2026-02-04T19:51:38Z,WatchEvent,openclaw/openclaw,Henzelix,"{""action"": ""started""}"
2026-02-04T19:44:12Z,PushEvent,tensorflow/tensorflow,copybara-service[bot],"{""ref"": ""refs/heads/exported_pr_865116404"", ""head"": ""ea5935e88b9065bfc094dfdd22ada27d9d1397f2"", ""before"": ""da7b1d5f66bb84be13b5d64ded84949e7b59a2c1""}"
2026-02-04T19:39:15Z,PullRequestEvent,tensorflow/tensorflow,copybara-service[bot],"{""action"": ""opened"", ""number"": 109635, ""head_id"": null, ""base_id"": null, ""head"": ""exported_pr_865500697"", ""base"": ""master""}"
2026-02-04T19:39:14Z,CreateEvent,tensorflow/tensorflow,copybara-service[bot],"{""action"": null}"
2026-02-04T19:36:00Z,WatchEvent,torvalds/linux,shrmndr,"{""action"": ""started""}"
2026-02-04T19:25:04Z,WatchEvent,torvalds/linux,Pecs1,"{""action"": ""started""}"
